abstract,category
"Deep learning models have shown remarkable performance in natural language processing tasks. This paper presents a novel transformer-based architecture for text classification with improved attention mechanisms. Our approach achieves state-of-the-art results on multiple benchmark datasets.","Computer Science"
"The human brain exhibits complex neural networks that process information through interconnected neurons. This study investigates the relationship between synaptic plasticity and memory formation using advanced neuroimaging techniques. Results show significant correlations between neural activity patterns and cognitive performance.","Biology"
"Quantum mechanics describes the behavior of matter and energy at the atomic and subatomic level. This research explores quantum entanglement properties in multi-particle systems and their applications in quantum computing. The findings demonstrate new possibilities for quantum information processing.","Physics"
"Graph theory provides mathematical frameworks for analyzing network structures and relationships. This paper introduces novel algorithms for finding shortest paths in weighted graphs with dynamic edge weights. The proposed method shows improved computational efficiency compared to existing approaches.","Mathematics"
"Organic synthesis of complex molecular structures requires precise control of reaction conditions. This study presents a new catalytic method for selective carbon-carbon bond formation using transition metal complexes. The approach enables efficient synthesis of pharmaceutically relevant compounds.","Chemistry"
"Cardiovascular disease remains a leading cause of mortality worldwide. This clinical study evaluates the effectiveness of a new drug therapy in reducing cardiac events in high-risk patients. The randomized controlled trial demonstrates significant improvements in patient outcomes over a 12-month period.","Medicine"
"Machine learning algorithms can identify patterns in large datasets through statistical analysis. This research develops an ensemble method combining multiple classifiers for improved prediction accuracy. Cross-validation results show robust performance across diverse application domains.","Computer Science"
"Cellular metabolism involves complex biochemical pathways that regulate energy production and utilization. This investigation examines the role of mitochondrial dysfunction in age-related diseases using proteomics analysis. The findings reveal key metabolic biomarkers associated with cellular aging processes.","Biology"
"Thermodynamics governs energy transfer and conversion processes in physical systems. This theoretical study analyzes heat engine efficiency limits under non-equilibrium conditions. The derived equations provide new insights into optimizing energy conversion mechanisms for practical applications.","Physics"
"Number theory explores the properties and relationships of integers and their generalizations. This paper proves new results about prime number distributions using advanced analytical techniques. The theoretical framework extends existing knowledge about arithmetic progressions and their density properties.","Mathematics"
"Polymer science investigates the synthesis and properties of macromolecular materials. This research develops biodegradable polymers with tunable mechanical properties for biomedical applications. Characterization studies demonstrate excellent biocompatibility and controlled degradation rates.","Chemistry"
"Infectious diseases pose significant public health challenges requiring effective prevention strategies. This epidemiological study tracks disease transmission patterns using mathematical modeling approaches. The analysis identifies critical intervention points for controlling outbreak spread in populations.","Medicine"
"Artificial intelligence systems require robust training methodologies for reliable performance. This work presents a new reinforcement learning algorithm with improved sample efficiency and stability. Experimental results demonstrate superior performance on complex decision-making tasks.","Computer Science"
"Evolutionary biology examines the mechanisms driving species adaptation and diversification. This phylogenetic analysis reconstructs evolutionary relationships among extinct species using fossil evidence. The findings provide new insights into major evolutionary transitions and extinction events.","Biology"
"Condensed matter physics studies the properties of materials in solid and liquid phases. This experimental investigation explores superconductivity in novel materials at high temperatures. The discovered compounds exhibit unique electronic properties with potential technological applications.","Physics"
"Algebraic geometry combines abstract algebra with geometric structures to solve complex problems. This research establishes new connections between algebraic varieties and topological invariants. The developed framework provides powerful tools for analyzing geometric objects in higher dimensions.","Mathematics"
"Analytical chemistry develops methods for identifying and quantifying chemical substances. This study introduces advanced spectroscopic techniques for detecting trace contaminants in environmental samples. The methodology achieves unprecedented sensitivity and selectivity for regulatory compliance monitoring.","Chemistry"
"Neurology focuses on disorders affecting the nervous system and their treatment options. This clinical research evaluates novel therapeutic approaches for neurodegenerative diseases using stem cell therapy. Long-term follow-up data show promising results in slowing disease progression.","Medicine"
"Computer vision enables machines to interpret and understand visual information from images. This paper develops advanced algorithms for object detection in challenging environments with poor lighting conditions. The proposed method achieves robust performance across diverse real-world scenarios.","Computer Science"
"Molecular biology investigates the structure and function of biological molecules. This study characterizes protein-protein interactions involved in cellular signaling pathways using advanced biochemical techniques. The results reveal new regulatory mechanisms controlling gene expression patterns.","Biology"
